smiles,target
CCCCC/C=C\C/C=C\CCCCCCCCC(OC(CCCN(C)C)=O)CCCCCCCC/C=C\C/C=C\CCCCC,4.342945178152237e-11
O=C(OCC(CC)CCCC)CCN(CCC(OCC(CC)CCCC)=O)CCCN1CCN(CCCN(CCC(OCC(CC)CCCC)=O)CCC(OCC(CC)CCCC)=O)CC1,0.4770284666372398
O=C(OCCCCOC(CCCC)=O)CCN(CCC(OCCCCOC(CCCC)=O)=O)CCCN1CCN(CCCN(CCC(OCCCCOC(CCCC)=O)=O)CCC(OCCCCOC(CCCC)=O)=O)CC1,-3.8636152691242973
O=C(OCCCCOC(CCCCCC)=O)CCN(CCC(OCCCCOC(CCCCCC)=O)=O)CCCN1CCN(CCCN(CCC(OCCCCOC(CCCCCC)=O)=O)CCC(OCCCCOC(CCCCCC)=O)=O)CC1,0.6989700043447047
O=C(OCCCCOC(CCCCCCCC)=O)CCN(CCC(OCCCCOC(CCCCCCCC)=O)=O)CCCN1CCN(CCCN(CCC(OCCCCOC(CCCCCCCC)=O)=O)CCC(OCCCCOC(CCCCCCCC)=O)=O)CC1,0.7497822069509665
O=C(OC(CC)CCCCC)CCN(CCC(OC(CC)CCCCC)=O)CCCN1CCN(CCCN(CCC(OC(CC)CCCCC)=O)CCC(OC(CC)CCCCC)=O)CC1,-0.7233953706680615
O=C(OCCCCOC(CC1CCCCC1)=O)CCN(CCC(OCCCCOC(CC2CCCCC2)=O)=O)CCCN3CCN(CCCN(CCC(OCCCCOC(CC4CCCCC4)=O)=O)CCC(OCCCCOC(CC5CCCCC5)=O)=O)CC3,0.8457999355948606
O=C(OCCCCOC(CCCCCCCCCC)=O)CCN(CCC(OCCCCOC(CCCCCCCCCC)=O)=O)CCCN1CCN(CCCN(CCC(OCCCCOC(CCCCCCCCCC)=O)=O)CCC(OCCCCOC(CCCCCCCCCC)=O)=O)CC1,-0.1254028752611591
O=C(OCCOC(CCCCCC)=O)CCN(CCC(OCCOC(CCCCCC)=O)=O)CCCN1CCN(CCCN(CCC(OCCOC(CCCCCC)=O)=O)CCC(OCCOC(CCCCCC)=O)=O)CC1,-0.2862900389809636
O=C(OCCCOC(CCCCC)=O)CCN(CCC(OCCCOC(CCCCC)=O)=O)CCCN1CCN(CCCN(CCC(OCCCOC(CCCCC)=O)=O)CCC(OCCCOC(CCCCC)=O)=O)CC1,-1.8014004718733116
O=C(OCCCCCOC(CCC)=O)CCN(CCC(OCCCCCOC(CCC)=O)=O)CCCN1CCN(CCCN(CCC(OCCCCCOC(CCC)=O)=O)CCC(OCCCCCOC(CCC)=O)=O)CC1,-4.156766598811359
O=C(OCCCC(OCC(CC)CCCC)=O)CCN(CCC(OCCCC(OCC(CC)CCCC)=O)=O)CCCN1CCN(CCCN(CCC(OCCCC(OCC(CC)CCCC)=O)=O)CCC(OCCCC(OCC(CC)CCCC)=O)=O)CC1,-0.17509966547436182
O=C(OCCCCCC(OCC(CC)CCCC)=O)CCN(CCC(OCCCCCC(OCC(CC)CCCC)=O)=O)CCCN1CCN(CCCN(CCC(OCCCCCC(OCC(CC)CCCC)=O)=O)CCC(OCCCCCC(OCC(CC)CCCC)=O)=O)CC1,-0.4346082433275466
O=C(OCCCCCCOC(C(CCCCCC)CCCCCCCC)=O)CCN(CCC(OCCCCCCOC(C(CCCCCC)CCCCCCCC)=O)=O)CCCN1CCN(CCCN(CCC(OCCCCCCOC(C(CCCCCC)CCCCCCCC)=O)=O)CCC(OCCCCCCOC(C(CCCCCC)CCCCCCCC)=O)=O)CC1,-1.7696438717183407
O=C(OCCCCCCCCOC(C(CCCCCC)CCCCCCCC)=O)CCN(CCC(OCCCCCCCCOC(C(CCCCCC)CCCCCCCC)=O)=O)CCCN1CCN(CCCN(CCC(OCCCCCCCCOC(C(CCCCCC)CCCCCCCC)=O)=O)CCC(OCCCCCCCCOC(C(CCCCCC)CCCCCCCC)=O)=O)CC1,-2.017821557555061
O=C(OCC(COC(CCCCCCCCC)=O)COC(CCCCCCCCC)=O)CCN(CCC(OCC(COC(CCCCCCCCC)=O)COC(CCCCCCCCC)=O)=O)CCCN1CCN(CCCN(CCC(OCC(COC(CCCCCCCCC)=O)COC(CCCCCCCCC)=O)=O)CCC(OCC(COC(CCCCCCCCC)=O)COC(CCCCCCCCC)=O)=O)CC1,-0.7011557817603932
O=C(OCCCCCCCC(OCC(CC)CCCC)=O)CCN(CCC(OCCCCCCCC(OCC(CC)CCCC)=O)=O)CCCN1CCN(CCCN(CCC(OCCCCCCCC(OCC(CC)CCCC)=O)=O)CCC(OCCCCCCCC(OCC(CC)CCCC)=O)=O)CC1,-0.0582438462429254
O=C(OCCCCOC(C(CCCCCC)CCCCCCCC)=O)CCN(CCC(OCCCCOC(C(CCCCCC)CCCCCCCC)=O)=O)CCCN1CCN(CCCN(CCC(OCCCCOC(C(CCCCCC)CCCCCCCC)=O)=O)CCC(OCCCCOC(C(CCCCCC)CCCCCCCC)=O)=O)CC1,-0.2233822934724021
O=C(OCC(COC(CCCCC)=O)COC(CCCCC)=O)CCN(CCC(OCC(COC(CCCCC)=O)COC(CCCCC)=O)=O)CCCN1CCN(CCCN(CCC(OCC(COC(CCCCC)=O)COC(CCCCC)=O)=O)CCC(OCC(COC(CCCCC)=O)COC(CCCCC)=O)=O)CC1,0.6081863236583587
O=C(OCC(COC(CCCCCCC)=O)COC(CCCCCCC)=O)CCN(CCC(OCC(COC(CCCCCCC)=O)COC(CCCCCCC)=O)=O)CCCN1CCN(CCCN(CCC(OCC(COC(CCCCCCC)=O)COC(CCCCCCC)=O)=O)CCC(OCC(COC(CCCCCCC)=O)COC(CCCCCCC)=O)=O)CC1,-0.6195336922538025
O=C(OCCCC(OCC(CCC)CCCC)=O)CCN(CCC(OCCCC(OCC(CCC)CCCC)=O)=O)CCCN1CCN(CCCN(CCC(OCCCC(OCC(CCC)CCCC)=O)=O)CCC(OCCCC(OCC(CCC)CCCC)=O)=O)CC1,0.008643829830383533
O=C(OCCCC(OCC(CC)CCC)=O)CCN(CCC(OCCCC(OCC(CC)CCC)=O)=O)CCCN1CCN(CCCN(CCC(OCCCC(OCC(CC)CCC)=O)=O)CCC(OCCCC(OCC(CC)CCC)=O)=O)CC1,0.6088033653818058
O=C(OCCCCCC(OCC(CCC)CCCC)=O)CCN(CCC(OCCCCCC(OCC(CCC)CCCC)=O)=O)CCCN1CCN(CCCN(CCC(OCCCCCC(OCC(CCC)CCCC)=O)=O)CCC(OCCCCCC(OCC(CCC)CCCC)=O)=O)CC1,-0.007646902911721873
O=C(OCCCCCCCC(OCC(CCC)CCCC)=O)CCN(CCC(OCCCCCCCC(OCC(CCC)CCCC)=O)=O)CCCN1CCN(CCCN(CCC(OCCCCCCCC(OCC(CCC)CCCC)=O)=O)CCC(OCCCCCCCC(OCC(CCC)CCCC)=O)=O)CC1,0.20690596903005595
O=C(OCCCCCC(OCC(CC)CCC)=O)CCN(CCC(OCCCCCC(OCC(CC)CCC)=O)=O)CCCN1CCN(CCCN(CCC(OCCCCCC(OCC(CC)CCC)=O)=O)CCC(OCCCCCC(OCC(CC)CCC)=O)=O)CC1,0.6512597893493773
OCCCN1CCN(CCCN(CCC(OC(CCCCCCCCC)CCCCCCCCCCC)=O)CCC(OC(CCCCCCCCC)CCCCCCCCCCC)=O)CC1,-0.17823507797332808
OCCN(CC1)CCN1CCCN(CCC(OCCCCCCOC(C(CCCCCC)CCCCCCCC)=O)=O)CCC(OCCCCCCOC(C(CCCCCC)CCCCCCCC)=O)=O,-2.238059005210622
OCCCN(CC1)CCN1CCCN(CCC(OCCCCCCOC(C(CCCCCC)CCCCCCCC)=O)=O)CCC(OCCCCCCOC(C(CCCCCC)CCCCCCCC)=O)=O,-1.9951654257826645
CCCCCCCCCCCC(OC(CCNCCCN1CCN(CC1)CCCNCCC(OC(CCCCCCCCCCC)CCCCCCCCC)=O)=O)CCCCCCCCC,-1.235657984599531
CCCCCCCCCCCC(OC(CCN(CC1=CC=CC=C1)CCCN2CCN(CC2)CCCN(CC3=CC=CC=C3)CCC(OC(CCCCCCCCCCC)CCCCCCCCC)=O)=O)CCCCCCCCC,-3.1756000675812617
CCCCCCCCCCCC(OC(CCN(CCCN1CCN(CC1)CCCN(CCC(OC(CCCCCCCCCCC)CCCCCCCCC)=O)C)C)=O)CCCCCCCCC,0.5544274328739073
O=C(OC/C=C\CCCCCC)CCCCCCCCN(CCCCCCCCC(OC/C=C\CCCCCC)=O)CCCN1CCN(CCCN(CCCCCCCCC(OC/C=C\CCCCCC)=O)CCCCCCCCC(OC/C=C\CCCCCC)=O)CC1,-0.38568235797518785
O=C(OCCCCCC(OC/C=C\CCCCCC)=O)CCN(CCC(OCCCCCC(OC/C=C\CCCCCC)=O)=O)CCCN1CCN(CCCN(CCC(OCCCCCC(OC/C=C\CCCCCC)=O)=O)CCC(OCCCCCC(OC/C=C\CCCCCC)=O)=O)CC1,-0.09874625763090851
O=C(OCCCC(OC/C=C\CCCCCC)=O)CCN(CCC(OCCCC(OC/C=C\CCCCCC)=O)=O)CCCN1CCN(CCCN(CCC(OCCCC(OC/C=C\CCCCCC)=O)=O)CCC(OCCCC(OC/C=C\CCCCCC)=O)=O)CC1,-0.02192983569118738
CCCCCCCCCCCC(OC(CCN(CCC(OC(CCCCCCCCCCC)CCCCCCCCC)=O)CCCN1CCN(CC1)CCCNCCC(OC(CCCCCCCCCCC)CCCCCCCCC)=O)=O)CCCCCCCCC,-0.05868966836255407
O=C(OCCOC(CC1CCCCC1)=O)CCN(CCC(OCCOC(CC2CCCCC2)=O)=O)CCCN3CCN(CCCN(CCC(OCCOC(CC4CCCCC4)=O)=O)CCC(OCCOC(CC5CCCCC5)=O)=O)CC3,0.34207673374245023
CCCCCC(OC(CCN(CCCN1CCN(CC1)CCCN(CCC(OC(CCCCC)CC)=O)C)C)=O)CC,-3.5966201811632073
O=C(OC(CC)CCCCC)CCN(CCC(OCC(COC(CCCCC)=O)COC(CCCCC)=O)=O)CCCN1CCN(CCCN(CCC(OCC(COC(CCCCC)=O)COC(CCCCC)=O)=O)CCC(OC(CC)CCCCC)=O)CC1,0.537564889321819
O=C(OCCCCOC(CC(CC)CC)=O)CCN(CCC(OCCCCOC(CC(CC)CC)=O)=O)CCCN1CCN(CCCN(CCC(OCCCCOC(CC(CC)CC)=O)=O)CCC(OCCCCOC(CC(CC)CC)=O)=O)CC1,0.6562020274081644
O=C(OC(CCCCCCCCCCC)CCCCCCCCC)CCN(CCCCO)CCCN1CCN(CCCN(CCCCO)CCC(OC(CCCCCCCCC)CCCCCCCCCCC)=O)CC1,0.8418118957935882
O=C(OCCCCOC(CCCCCCCC)=O)CCN(CCC(OCCCCOC(CCCCCCCC)=O)=O)CCCN1C2CN(CCCN(CCC(OCCCCOC(CCCCCCCC)=O)=O)CCC(OCCCCOC(CCCCCCCC)=O)=O)C(C2)C1,-2.455071280470505
O=C(OCC(CC)CCCC)CCN(CCC(OCC(CC)CCCC)=O)CCCN1C2CN(CCCN(CCC(OCC(CC)CCCC)=O)CCC(OCC(CC)CCCC)=O)C(C2)C1,1.2088719640956518
O=C(OCCCCOC(CC1CCCCC1)=O)CCN(CCC(OCCCCOC(CC2CCCCC2)=O)=O)CCCN3C4CN(CCCN(CCC(OCCCCOC(CC5CCCCC5)=O)=O)CCC(OCCCCOC(CC6CCCCC6)=O)=O)C(C4)C3,0.025081739391231275
O=C(OCCCCOC(CCCCCC)=O)CCN(CCC(OCCCCOC(CCCCCC)=O)=O)CCCN1C2CN(CCCN(CCC(OCCCCOC(CCCCCC)=O)=O)CCC(OCCCCOC(CCCCCC)=O)=O)C(C2)C1,-1.698131169549638
O=C(OCCOC(CCCCCC)=O)CCN(CCC(OCCOC(CCCCCC)=O)=O)CCCN1C2CN(CCCN(CCC(OCCOC(CCCCCC)=O)=O)CCC(OCCOC(CCCCCC)=O)=O)C(C2)C1,-4.8096654999388635
O=C(OCCCCCC(OCC(CC)CCCC)=O)CCN(CCC(OCCCCCC(OCC(CC)CCCC)=O)=O)CCCN1C2CN(CCCN(CCC(OCCCCCC(OCC(CC)CCCC)=O)=O)CCC(OCCCCCC(OCC(CC)CCCC)=O)=O)C(C2)C1,0.5116192198823221
O=C(OCCCC(OCC(CCC)CCCC)=O)CCN(CCC(OCCCC(OCC(CCC)CCCC)=O)=O)CCCN1C2CN(CCCN(CCC(OCCCC(OCC(CCC)CCCC)=O)=O)CCC(OCCCC(OCC(CCC)CCCC)=O)=O)C(C2)C1,0.5924682818431276
O=C(OCCCC(OCC(CC)CCC)=O)CCN(CCC(OCCCC(OCC(CC)CCC)=O)=O)CCCN1C2CN(CCCN(CCC(OCCCC(OCC(CC)CCC)=O)=O)CCC(OCCCC(OCC(CC)CCC)=O)=O)C(C2)C1,0.9577538456746709
O=C(OCCCCCC(OCC(CC)CCC)=O)CCN(CCC(OCCCCCC(OCC(CC)CCC)=O)=O)CCCN1C2CN(CCCN(CCC(OCCCCCC(OCC(CC)CCC)=O)=O)CCC(OCCCCCC(OCC(CC)CCC)=O)=O)C(C2)C1,0.5415024552792344
O=C(OC/C=C\CCCCCC)CCCCCCCCN(CCCCCCCCC(OC/C=C\CCCCCC)=O)CCCN1CC2N(CCCN(CCCCCCCCC(OC/C=C\CCCCCC)=O)CCCCCCCCC(OC/C=C\CCCCCC)=O)CC1C2,-0.3007888397544347
O=C(OCC(COC(CCCCC)=O)COC(CCCCC)=O)CCN(CCC(OCC(COC(CCCCC)=O)COC(CCCCC)=O)=O)CCCN1C2CN(CCCN(CCC(OCC(COC(CCCCC)=O)COC(CCCCC)=O)=O)CCC(OCC(COC(CCCCC)=O)COC(CCCCC)=O)=O)C(C2)C1,0.48693675537010445
CCCCCCCCCCCC(OC(CCN(CCCN1C2CN(C(C2)C1)CCCN(CCC(OC(CCCCCCCCCCC)CCCCCCCCC)=O)C)C)=O)CCCCCCCCC,-0.2657443654047883
CCCCCCCCC(C(OCCCCCCOC(CCN(CCC(OCCCCCCOC(C(CCCCCCCC)CCCCCC)=O)=O)CCCN1C(C2)CN(C2C1)CCCO)=O)=O)CCCCCC,-2.4174613220926076
OCCN1C=C(CN(CCC(OCCCCCCCCCCCC)=O)CCC(OCCCCCCCCCCCC)=O)C=N1,-2.6479103150170236
O=C(OCCCCCCCCCCCC)CCN(CCC(OCCCCCCCCCCCC)=O)CC1=CN(CCCCO)N=C1,-3.8789292175346026
CN(C)CCN1C=C(CN(CCC(OCCCCCCOC(C(CCCCCCCC)CCCCCC)=O)=O)CCC(OCCCCCCOC(C(CCCCCCCCC)CCCCCC)=O)=O)C=N1,-0.819569915180746
OCCN1C=C(CN(CCC(OCCCCCCOC(C(CCCCCCCC)CCCCCC)=O)=O)CCC(OCCCCCCOC(C(CCCCCCCCC)CCCCCC)=O)=O)C=N1,-1.5129725450482239
O=C(OCCCCCCOC(C(CCCCCCCC)CCCCCC)=O)CCN(CCC(OCCCCCCOC(C(CCCCCCCCC)CCCCCC)=O)=O)CC1=CN(CCCCO)N=C1,-2.634748863772338
CN(C)CCN1C=C(CN(CCC(OCCCCCCCCCCCCCCCC)=O)CCC(OCCCCCCCCCCCCCCCC)=O)C=N1,-3.093778611658326
CN(C)CCN1C=C(CN(CCC(OCCCCOC(C(CCCCCCCC)CCCCCC)=O)=O)CCC(OCCCCOC(C(CCCCCCCC)CCCCCC)=O)=O)C=N1,-0.6041618550939863
OCCN1C=C(CN(CCCCCCCCC(OC/C=C\CCCCCC)=O)CCCCCCCCC(OC/C=C\CCCCCC)=O)C=N1,-1.1956999486366737
CN(C)CCN1C=C(CN(CCC(OCCCCCCCC(OCC(CC)CCCC)=O)=O)CCC(OCCCCCCCC(OCC(CC)CCCC)=O)=O)C=N1,-4.850777807252834
CN(C)CCN1C=C(CN(CCC(OCCCC(OCC(CCC)CCCC)=O)=O)CCC(OCCCC(OCC(CCC)CCCC)=O)=O)C=N1,-4.551292134565706
CN(C)CCN1C=C(CN(CCC(OCCCCCCCC(OCC(CCC)CCCC)=O)=O)CCC(OCCCCCCCC(OCC(CCC)CCCC)=O)=O)C=N1,-0.42628429280567987
CN(C)CCN1C=C(CN(CCC(OCC(COC(CCCCCCC)=O)COC(CCCCCCC)=O)=O)CCC(OCC(COC(CCCCCCC)=O)COC(CCCCCCC)=O)=O)C=N1,1.0547558798725505
CN(C)CCN1C=C(CN(CCC(OCC(COC(CCCCCCCCC)=O)COC(CCCCCCCCC)=O)=O)CCC(OCC(COC(CCCCCCCCC)=O)COC(CCCCCCCCC)=O)=O)C=N1,-0.13289735774682215
CN(C)CCN1C=C(CN(CCC(OC(CCCCCCCCCCC)CCCCCCCCC)=O)CCC(OC(CCCCCCCCCCC)CCCCCCCCC)=O)C=N1,1.639291526282273
CN(C)CCN1C=C(CN(CCC(OC(CCCCCC)CCCCCCCC)=O)CCC(OC(CCCCCC)CCCCCCCC)=O)C=N1,1.374984337608853
CN(C)CCN1C=C(CN(C[C@H](O)CCCCCCCCCC)C[C@H](O)CCCCCCCCCC)C=N1,-3.6979503929856623
CN(C)CCN1C=C(CN(CC(O)CCCCCCCCCCCC)CC(O)CCCCCCCCCCCC)C=N1,-3.489066309362792
CN(C)CCN1C=C(CN(CCN(CCCCCCOC(C(CCCCCC)CCCCCCCC)=O)CCCCCCOC(C(CCCCCC)CCCCCCCC)=O)CCN(CCCCCCOC(C(CCCCCC)CCCCCCCC)=O)CCCCCCOC(C(CCCCCC)CCCCCCCC)=O)C=N1,-0.08296446900483766
OCCCCN1C=C(CN(CCCCCCOC(C(CCCCCC)CCCCCCCC)=O)CCCCCCOC(C(CCCCCC)CCCCCCCC)=O)C=N1,1.7821224981902446
OCCCCN1C=C(CN(CCCCCC(OC(CCCCCC)CCCCCCCC)=O)CCCCCC(OC(CCCCCC)CCCCCCCC)=O)C=N1,1.5119260404093018
CN(C)CCN1C=C(CN(CCC(OC(CCCCC)CCCCCCC)=O)CCC(OC(CCCCC)CCCCCCC)=O)C=N1,0.8449042379151964
CN(C)CCN1C=C(CN(CCC(OC(CCCCCCC)CCCCCCCCC)=O)CCC(OC(CCCCCCC)CCCCCCCCC)=O)C=N1,1.4641381161925822
CN(C)CCN1C=C(CN(CCC(OC(CCCCCCCC)CCCCCCCCCC)=O)CCC(OC(CCCCCCCC)CCCCCCCCCC)=O)C=N1,1.4635319828057662
O=C(C(CCCCCC)CCCCCCCC)OCCCCCCN(CCCCCCOC(C(CCCCCC)CCCCCCCC)=O)CC1=CN(CCN(C)C)N=C1,1.1539260770380562
FCCCCN1C=C(CN(CCCCCCOC(C(CCCCCC)CCCCCCCC)=O)CCCCCCOC(C(CCCCCC)CCCCCCCC)=O)C=N1,-1.2524470957446348
ClCCCCN1C=C(CN(CCCCCCOC(C(CCCCCC)CCCCCCCC)=O)CCCCCCOC(C(CCCCCC)CCCCCCCC)=O)C=N1,-0.6898130534644519
O=C(C(CCCCCC)CCCCCCCC)OCCCCCCN(CCCCCCOC(C(CCCCCC)CCCCCCCC)=O)CC1=CN(CCCCC#N)N=C1,0.27979180311996965
O=C(OC(CCCCCC)CCCCCCCC)CCN(CCC(OC(CCCCCC)CCCCCCCC)=O)CC1=CN(CCCN(C)C)N=C1,-0.3118380322448197
CN(C)CCN1C=C(CCN(CCC(OC(CCCCCC)CCCCCCCC)=O)CCC(OC(CCCCCC)CCCCCCCC)=O)C=N1,1.317888921525681
O=C(OC(CCCCCC)CCCCCCCC)CCCN(CCCC(OC(CCCCCC)CCCCCCCC)=O)CC1=CN(CCN(C)C)N=C1,1.1118647319653552
CN(C)CCN1C=C(CN(CCCCC(OC(CCCCCC)CCCCCCCC)=O)CCCCC(OC(CCCCCC)CCCCCCCC)=O)C=N1,1.0605588299051323
CN(C)CCN1C=C(CN(CCCCCC(OC(CCCCCC)CCCCCCCC)=O)CCCCCC(OC(CCCCCC)CCCCCCCC)=O)C=N1,0.8056236884979783
O=C(OC(CCCCCC)CCCCCCCC)CCN(CCC(OC(CCCCCC)CCCCCCCC)=O)CC1=CN(CCCCO)N=C1,-3.523913453001038
CCCCCCCCC(CCCCCC)OC(=O)CCN(CCC(=O)OC(CCCCCC)CCCCCCCC)Cc1cnn(CCC=O)c1,-3.434731902754329
O=C(OC(CCCCCC)CCCCCCCC)CCN(CCC(OC(CCCCCC)CCCCCCCC)=O)CC1=CN(CCCCN(C)C)N=C1,-1.268935781967332
O=C(OC(CCCCCC)CCCCCCCC)CCN(CCC(OC(CCCCCC)CCCCCCCC)=O)CC1=CN(CCN(CC)CC)N=C1,1.2019050274174847
O=C(OC(CCCCCC)CCCCCCCC)CCN(CCC(OC(CCCCCC)CCCCCCCC)=O)CC1=CN(CCN(C(C)C)C(C)C)N=C1,-2.6242252025988777
O=C(OC(CCCCCC)CCCCCCCC)CCN(CCC(OC(CCCCCC)CCCCCCCC)=O)CC1=CN(CCN2CCCC2)N=C1,1.7245621373788775
O=C(OC(CCCCCC)CCCCCCCC)CCCCN(CCCCC(OC(CCCCCC)CCCCCCCC)=O)CC1=CN(CCN2CCOCC2)N=C1,0.8607435130056219
O=C(OC(CCCCCC)CCCCCCCC)CCN(CCC(OC(CCCCCC)CCCCCCCC)=O)CC1=CN(CCCN2CCOCC2)N=C1,-0.96179023515366
O=C(OC(CCCCCC)CCCCCCCC)CCN(CCC(OC(CCCCCC)CCCCCCCC)=O)CC1=CN(CCCN2CCCC2)N=C1,0.006385216633087701
CN(C)C(C)(C)CN1C=C(CN(CCC(OC(CCCCCC)CCCCCCCC)=O)CCC(OC(CCCCCC)CCCCCCCC)=O)C=N1,-1.6614876274467782
O=C(OC(CCCCCC)CCCCCCCC)CCN(CCC(OC(CCCCCC)CCCCCCCC)=O)CC1=CN(CCN(CCO)CCO)N=C1,0.16948165535469006
CN(CCO)CCN1C=C(CN(CCC(OC(CCCCCC)CCCCCCCC)=O)CCC(OC(CCCCCC)CCCCCCCC)=O)C=N1,0.24770683162459387
CN(C)CCN1CC(CN(CCC(OC(CCCCCC)CCCCCCCC)=O)CCC(OC(CCCCCC)CCCCCCCC)=O)CC1,0.33534616954893914
OCCCCN1CC(CN(CCCCCCOC(C(CCCCCC)CCCCCCCC)=O)CCCCCCOC(C(CCCCCC)CCCCCCCC)=O)CC1,-0.4976192767529849
O=C(C(CCCCCC)CCCCCCCC)OCCCCCCN(CCCCCCOC(C(CCCCCC)CCCCCCCC)=O)C[C@H]1CCC(O)CC1,-0.4619621132680901
O=C(C(CCCCCC)CCCCCCCC)OCCCCCCN(CCCCCCOC(C(CCCCCC)CCCCCCCC)=O)CC[C@@H]1CCC(O)CC1,1.16864520927054
O=C(C(CCCCCC)CCCCCCCC)OCCCCCCN(CCCCCCOC(C(CCCCCC)CCCCCCCC)=O)CCN1CCC(O)CC1,0.3075889648717489
CN(C)CCN1C=C(CN(CCC(OC(CCCCCC)CCCCCCCC)=O)CCC(OC(CCCCCC)CCCCCCCC)=O)N=C1,0.5904375676537793
OCCCCN1C=C(CN(CCCCCCOC(C(CCCCCC)CCCCCCCC)=O)CCCCCCOC(C(CCCCCC)CCCCCCCC)=O)N=C1,0.31276947739218414
OCCCCN1C=C(CN(CCCCCC(OC(CCCCCC)CCCCCCCC)=O)CCCCCC(OC(CCCCCC)CCCCCCCC)=O)N=C1,0.5133345057450759
O=C(OC(CCCCCC)CCCCCCCC)CCN(CCC(OC(CCCCCC)CCCCCCCC)=O)CCN1C=C(CCN(C)C)N=N1,-0.4182531858632059
O=C(C(CCCCCC)CCCCCCCC)OCCCCCCN(CCCCCCOC(C(CCCCCC)CCCCCCCC)=O)CCN1C=C(CCN(C)C)N=N1,-0.870242954892552
O=C(OC(CCCCCC)CCCCCCCC)CCCCCN(CCCCCC(OC(CCCCCC)CCCCCCCC)=O)CCN1C=C(CCCCN(C)C)N=N1,-1.9289830223363877
O=C(OC(CCCCCC)CCCCCCCC)CCCCCN(CCCCCC(OC(CCCCCC)CCCCCCCC)=O)CCN1C=C(CCCCO)N=N1,-2.08281662322843
CN(C)CCN1C=C(CN(CCOC(C(CCCCCC)CCCCCCCC)=O)CCOC(C(CCCCCC)CCCCCCCC)=O)C=N1,1.8097428576564354
CN(C)CCN1C=C(CN(CCCOC(C(CCCCCCCC)CCCCCC)=O)CCCOC(C(CCCCCCCC)CCCCCC)=O)C=N1,0.5117089475196528
CN(C)CCN1C=C(CN(CCCCOC(C(CCCCCC)CCCCCCCC)=O)CCCCOC(C(CCCCCC)CCCCCCCC)=O)C=N1,0.6073141187787987
CN(C)CCN1C=C(CN(CCCCCOC(C(CCCCCCCC)CCCCCC)=O)CCCCCOC(C(CCCCCCCC)CCCCCC)=O)C=N1,0.7516337607145782
CN(C)CCN1C=C(CN(CCN(CCC(OCCCC(OC(CCCCCC)CCCCCCCC)=O)=O)CCC(OCCCC(OC(CCCCCC)CCCCCCCC)=O)=O)CCN(CCC(OCCCC(OC(CCCCCC)CCCCCCCC)=O)=O)CCC(OCCCC(OC(CCCCCC)CCCCCCCC)=O)=O)C=N1,0.9008750318653606
OCCCCN1CC(CN(CCCCCC(OC(CCCCCC)CCCCCCCC)=O)CCCCCC(OC(CCCCCC)CCCCCCCC)=O)CC1,0.05266375648627496
O=C(OC(CCCCCC)CCCCCCCC)CCCCCN(CCCCCC(OC(CCCCCC)CCCCCCCC)=O)C[C@H]1CCC(O)CC1,-1.242470043141351
O=C(OC(CCCCCC)CCCCCCCC)CCCCCN(CCCCCC(OC(CCCCCC)CCCCCCCC)=O)CCC1CCC(O)CC1,0.201683392288794
O=C(OC(CCCCCC)CCCCCCCC)CCCCCN(CCCCCC(OC(CCCCCC)CCCCCCCC)=O)CCN1CCC(O)CC1,0.5904375676537793
CCCCCCCCC(CCCCCC)C(OCCCCCCN(CCCCCCOC(C(CCCCCC)CCCCCCCC)=O)CCN1CCN(CCCO)CC1)=O,-1.4523612623699633
CCCCCCCCC(CCCCCC)C(OCCCCCCN(CCCCCCOC(C(CCCCCC)CCCCCCCC)=O)CCN1CCC(CCCO)CC1)=O,1.6302216764601603
OCCN1C=C(CN(CCC(OC(CCCCCC)CCCCCCCC)=O)CCC(OC(CCCCCC)CCCCCCCC)=O)C=N1,-3.019943834149548
OCCN1C=C(CN(CCCCCCCC(OC(CCCCCCCC)CCCCCCCC)=O)CCCCCC(OCCCCCCCCCCC)=O)C=N1,-1.046007310196406
O=C(C(CCCCCC)CCCCCCCC)OCCCCCCN(CCCCCCOC(C(CCCCCC)CCCCCCCC)=O)CC1=CN(CCCCN(C)C)N=C1,-3.1414495091323555
O=C(OC(CCCCCC)CCCCCCCC)CCN(CCC(OC(CCCCCC)CCCCCCCC)=O)CC1=CN(CCN2CCOCC2)N=C1,-2.6355062077165816
O=C(OC(CCCCCC)CCCCCCCC)CCN(CCC(OC(CCCCCC)CCCCCCCC)=O)CC1=CN(CCN2CCN(C)CC2)N=C1,-0.27733747657947677
O=C(OC(CCCCCC)CCCCCCCC)CCN(CCC(OC(CCCCCC)CCCCCCCC)=O)CC1=CN(CCC2CCN(C)CC2)N=C1,-0.9927120278069441
O=C(OC(CCCCCC)CCCCCCCC)CCN(CCC(OC(CCCCCC)CCCCCCCC)=O)CC1=CN(CCN2CCCCC2)N=C1,0.6867131108814397
O=C(OC(CCCCCC)CCCCCCCC)CCN(CCC(OC(CCCCCC)CCCCCCCC)=O)CC1=CN(CCC2CCCCN2C)N=C1,1.1721000458766093
CN(C)CCN1C=C(CN(CCCCCC(OCCC(CCCCCC)CCCCCC)=O)CCCCCC(OCCC(CCCCCC)CCCCCC)=O)C=N1,-0.615406707378189
O=C(OCCC(CCCCCC)CCCCCC)CCCCCN(CCCCCC(OCCC(CCCCCC)CCCCCC)=O)CC1=CN(CCCCO)N=C1,1.1721000458766093
O=C(OCCCC(CCCCC)CCCCC)CCCCCN(CCCCCC(OCCCC(CCCCC)CCCCC)=O)CC1=CN(CCN(C)C)N=C1,-1.5659549266063484
O=C(OCCCC(CCCCC)CCCCC)CCCCCN(CCCCCC(OCCCC(CCCCC)CCCCC)=O)CC1=CN(CCCCO)N=C1,0.09998065431411479
OCCN1C=C(CN(CCCCCCCC(OC(CCCCCCCC)CCCCCCCC)=O)CCCCCCCC(OCCCCCCCCCCC)=O)C=N1,-1.2524470957446348
O=C(OCCCCCCCCCCC)CCCCCN(CC1=CN(CCCCO)N=C1)CCCCCCCC(OC(CCCCCCCC)CCCCCCCC)=O,-0.6312602545540442
O=C(OCCCCCCCCCCC)CCCCCCCN(CC1=CN(CCCCO)N=C1)CCCCCCCC(OC(CCCCCCCC)CCCCCCCC)=O,-0.7630943085516936
OCCN1C=C(CCN(CCCCCCCC(OC(CCCCCCCC)CCCCCCCC)=O)CCCCCCCC(OCCCCCCCCCCC)=O)C=N1,-0.5328438414775701
OCCCCN1C=C(CCN(CCCCCCCC(OC(CCCCCCCC)CCCCCCCC)=O)CCCCCCCC(OCCCCCCCCCCC)=O)C=N1,-0.4932045553957899
CN(C)CCN1C=C(CN(CCC(OCC(COCCCCCCCC)COCCCCCCCC)=O)CCC(OCC(COCCCCCCCC)COCCCCCCCC)=O)C=N1,0.9636871668537482
CN(C)CCN1C=C(CN(CCCOCC(COC(CCCCCCC)=O)COC(CCCCCCC)=O)CCCOCC(COC(CCCCCCC)=O)COC(CCCCCCC)=O)C=N1,0.8269968937486556
O=C(OCCCC(OCC(CC)CCC)=O)CCN(CCC(OCCCC(OCC(CC)CCC)=O)=O)CCC1(OCCO1)CCN(CCC(OCCCC(OCC(CC)CCC)=O)=O)CCC(OCCCC(OCC(CC)CCC)=O)=O,-3.524562580205683
O=C(C(CCCCCC)CCCCCCCC)OCCCCCCN(CCCCCCOC(C(CCCCCC)CCCCCCCC)=O)CCC1(OCCO1)CCN(CCCCCCOC(C(CCCCCC)CCCCCCCC)=O)CCCCCCOC(C(CCCCCC)CCCCCCCC)=O,-2.0658448224755044
O=C(OC/C=C\CCCCCC)CCCCCCCCN(CCCCCCCCC(OC/C=C\CCCCCC)=O)CCC1(OCCO1)CCN(CCCCCCCCC(OC/C=C\CCCCCC)=O)CCCCCCCCC(OC/C=C\CCCCCC)=O,0.46353198281920915
O=C(C(CCCCCC)CCCCCCCC)OCCCCCCN(CCCCCCOC(C(CCCCCC)CCCCCCCC)=O)CCCN1CCN(CCCN(C)C)CC1,-1.6541883900664243
CN1CCCCC1CCN(CCC(OCCCC(OCC(CC)CCC)=O)=O)CCC(OCCCC(OCC(CC)CCC)=O)=O,-3.487747845784963
CN1CCCCC1CCN(CCCCCCOC(C(CCCCCC)CCCCCCCC)=O)CCCCCCOC(C(CCCCCC)CCCCCCCC)=O,1.3552531593465067
CN1CCCCC1CCN(CCCCCCCCC(OC/C=C\CCCCCC)=O)CCCCCCCCC(OC/C=C\CCCCCC)=O,-1.196866697145339
O=C(C(CCCCCC)CCCCCCCC)OCCCCCCN(CCCCCCOC(C(CCCCCC)CCCCCCCC)=O)CCC(OCCO)=O,-1.1495856070198744
CCCCC/C=C\CCCC(C(CCC/C=C\CCCCC)CCC/C=C\CCCCC)OC(CCN(C)CCCN1CCN(CCO)CC1)=O,-1.6183263461682869
CCCCC/C=C\CCCC(C(CCC/C=C\CCCCC)CCC/C=C\CCCCC)OC(CCN(C)CCCN1CCN(CCCN(C)C)CC1)=O,-2.858626713063023
CCCCC/C=C\CCCC(C(CCC/C=C\CCCCC)CCC/C=C\CCCCC)OC(CCN(C)CCCN1CCN(CCCN(C)CCC(OC(CCC/C=C\CCCCC)C(CCC/C=C\CCCCC)CCC/C=C\CCCCC)=O)CC1)=O,0.49848068174220955
CCCCC/C=C\CCCC(C(CCC/C=C\CCCCC)CCC/C=C\CCCCC)OC(CCCCN1CCC(CCO)CC1)=O,-0.21154211172117898
O=C(OC(CCCCCCCCC)CCCCCCCCCCC)CCCCN1CCC(CCO)CC1,-2.099790223704743
O=C(OCCCC(OCC(CC)CCC)=O)CCN(CCC(OCCCC(OCC(CC)CCC)=O)=O)CCC(O)CCN(CCC(OCCCC(OCC(CC)CCC)=O)=O)CCC(OCCCC(OCC(CC)CCC)=O)=O,-2.2771037622269987
OCC1CCN(CCCN(CCC(OCCCC(OCC(CC)CCC)=O)=O)CCC(OCCCC(OCC(CC)CCC)=O)=O)C1,-3.00221485075038
OCC1CCN(CCCN(CCCCCCOC(C(CCCCCC)CCCCCCCC)=O)CCCCCCOC(C(CCCCCC)CCCCCCCC)=O)C1,-1.0446369852677804
OCC1CCN(CCCN(CCCCCCCCC(OC/C=C\CCCCCC)=O)CCCCCCCCC(OC/C=C\CCCCCC)=O)C1,-2.7947839665751135
OCC1CN(CCCN(CCC(OCCCC(OCC(CC)CCC)=O)=O)CCC(OCCCC(OCC(CC)CCC)=O)=O)C1,-3.531042869840183
O=C(OCCCC(OCC(CC)CCC)=O)CCN(CCCN1CC(COCC2=CC=CC=C2)C1)CCC(OCCCC(OCC(CC)CCC)=O)=O,-3.1373164991018516
OCC1CN(CCCN(CCCCCCOC(C(CCCCCC)CCCCCCCC)=O)CCCCCCOC(C(CCCCCC)CCCCCCCC)=O)C1,-1.3681285793552307
OCC1CN(CCCN(CCCCCCCCC(OC/C=C\CCCCCC)=O)CCCCCCCCC(OC/C=C\CCCCCC)=O)C1,-2.5419616492471775
O=C(OCCCC(OCC(CC)CCC)=O)CCN(C)CC1CC(CN(CCO)C1)CN(C)CCC(OCCCC(OCC(CC)CCC)=O)=O,-3.1443905422743663
O=C(OCCCC(OCC(CC)CCC)=O)CCN(C)CC1CC(CN(CCOCC2=CC=CC=C2)C1)CN(C)CCC(OCCCC(OCC(CC)CCC)=O)=O,-2.294471020060831
CN(CCCCCCOC(C(CCCCCC)CCCCCCCC)=O)CC1CC(CN(CCO)C1)CN(CCCCCCOC(C(CCCCCC)CCCCCCCC)=O)C,1.12581485853908
CN(CCCCCCCCC(OC/C=C\CCCCCC)=O)CC1CC(CN(CCOCC2=CC=CC=C2)C1)CN(CCCCCCCCC(OC/C=C\CCCCCC)=O)C,0.04795165418904544
CN(CCCCCCCCC(OC/C=C\CCCCCC)=O)CC1CC(CN(CCO)C1)CN(CCCCCCCCC(O)=O)C,-3.159911415746008
CC1(C)CCCC(C)(C)N1CCCCN(CCC(OCCCC(OCC(CC)CCC)=O)=O)CCC(OCCCC(OCC(CC)CCC)=O)=O,-3.402375995947696
CC1(C)CCCC(C)(C)N1CCCCN(CCCCCCOC(C(CCCCCC)CCCCCCCC)=O)CCCCCCOC(C(CCCCCC)CCCCCCCC)=O,-0.09868203665104304
CC1(C)CCCC(C)(C)N1CCCCNCCCCCCOC(C(CCCCCC)CCCCCCCC)=O,-3.1815978502785893
CC1(C)CCCC(C)(C)N1CCCCN(CCCCCCCCC(OC/C=C\CCCCCC)=O)CCCCCCCCC(OC/C=C\CCCCCC)=O,-3.226730702478913
O=C(C(CCCCCC)CCCCCCCC)OCCCCCCN(CCCN1CSCC1)CCCCCCOC(C(CCCCCC)CCCCCCCC)=O,-2.222588976356747
O=C(OC/C=C\CCCCCC)CCCCCCCCN(CCCN1CSCC1)CCCCCCCCC(OC/C=C\CCCCCC)=O,-0.43329519067718547
O=C(OC)[C@@H](NCCC(OCCCC(OCC(CC)CCC)=O)=O)CC1=CN(CCCCO)C=N1,-1.5082876764977386
O=C(OC)[C@@H](N(CCCCCCOC(C(CCCCCC)CCCCCCCC)=O)CCCCCCOC(C(CCCCCC)CCCCCCCC)=O)CC1=CN(CCCCO)C=N1,-1.9304831889505332
O=C(OC)[C@@H](N(CCCCCCCCC(OC/C=C\CCCCCC)=O)CCCCCCCCC(OC/C=C\CCCCCC)=O)CC1=CN(CCCCO)C=N1,-1.0589425772321601
OCCN1CC(C(OCCCC(OCC(CC)CCC)=O)=O)CC(C(OCCCC(OCC(CC)CCC)=O)=O)C1,-3.732225138642922
OCCN1CC(C(OCCCCCCOC(C(CCCCCC)CCCCCCCC)=O)=O)CC(C(OCCCCCCOC(C(CCCCCC)CCCCCCCC)=O)=O)C1,-2.160727766466305
O=C(OC(CCCCCCCCC)CCCCCCCCCCC)C12CCN(C2)CC1,-2.737204435436629
CN(C)CCC(S1)=NN=C1CN(CCC(OCCCC(OCC(CC)CCC)=O)=O)CCC(OCCCC(OCC(CC)CCC)=O)=O,-4.102372358970056
CN(C)CCC(S1)=NN=C1CN(CCCCCCOC(C(CCCCCC)CCCCCCCC)=O)CCCCCCOC(C(CCCCCC)CCCCCCCC)=O,0.021918724479975258
CN(C)CCC1=CC=C(NC=C2CCN(CCCCCCOC(C(CCCCCC)CCCCCCCC)=O)CCCCCCOC(C(CCCCCC)CCCCCCCC)=O)C2=C1,-0.03382731978764705
CN(C)CCC1=CC=C(NC=C2CCN(CCCCCCCCC(OC/C=C\CCCCCC)=O)CCCCCCCCC(OC/C=C\CCCCCC)=O)C2=C1,-0.3677171215835881
CN(C)CCC1=CC=C(NC=C2CCN(CCC(OCCCC(OCC(CC)CCC)=O)=O)CCC(OCCCC(OCC(CC)CCC)=O)=O)C2=C1,-3.025892808544817
C1=NC=CN1CCCN(CCC(=O)OCCSSCCOC(=O)C(C)CSCCCCCCCCCC)(CCC(=O)OCCSSCCOC(=O)C(C)CSCCCCCCCCCC),-0.3010299959131407
C1CCCCN1CCN(C(=O)CCCCCCC/C=C\C/C=C\C/C=C\CC)C(C(C)C)C(=O)NCCCCCCCCCCCCCCCCCC,-2.2699999919130605
C1CCCCN1CCN(C(=O)CCCCCCC/C=C\C/C=C\C/C=C\CC)C(C(CC)CCCC)C(=O)NCCCCCCCCCCCCCCCCCC,-2.1499999938654324
C1CCCCN1CCN(C(=O)CCCCCCC/C=C\C/C=C\C/C=C\CC)C(C2CCCCC2)C(=O)NCCCCCCCCCCCCCCCCCC,-2.409999988836925
C1CCCCN1CCN(C(=O)CCCCCCC/C=C\C/C=C\CCCCC)C(C(C)C)C(=O)NCCCCCCCCCCCCCCCCCC,-3.429999883108229
C1CCCCN1CCN(C(=O)CCCCCCC/C=C\C/C=C\CCCCC)C(C(CC)CCCC)C(=O)NCCCCCCCCCCCCCCCCCC,-2.0599999950136376
C1CCCCN1CCN(C(=O)CCCCCCC/C=C\C/C=C\CCCCC)C(C2CCCCC2)C(=O)NCCCCCCCCCCCCCCCCCC,-2.839999969954172
C1CCCCN1CCN(C(=O)CCCCCCCC#CC#CCCCCCCCCCCC)C(C(C)C)C(=O)NCCCCCCCCCCCCCCCCCC,-2.8899999662880287
C1CCCCN1CCN(C(=O)CCCCCCCC#CC#CCCCCCCCCCCC)C(C(CC)CCCC)C(=O)NCCCCCCCCCCCCCCCCCC,-3.109999944052088
C1CCCCN1CCN(C(=O)CCCCCCCC#CC#CCCCCCCCCCCC)C(C2CCCCC2)C(=O)NCCCCCCCCCCCCCCCCCC,-3.5299998528419345
C1CCCCN1CCN(C(=O)CCCCCCCC/C=C\CCCCCCC)C(C(C)C)C(=O)NCCCCCCCCCCCCCCCCCC,-3.709999777267198
C1CCCCN1CCN(C(=O)CCCCCCCC/C=C\CCCCCCC)C(C(CC)CCCC)C(=O)NCCCCCCCCCCCCCCCCCC,-3.689999787291926
C1CCCCN1CCN(C(=O)CCCCCCCC/C=C\CCCCCCC)C(C2CCCCC2)C(=O)NCCCCCCCCCCCCCCCCCC,-3.449999877599294
C1CCCCN1CCN(C(=O)CCCCCCCCCCCCCCCCC)C(C(C)C)C(=O)NCCCCCCCCCCCCCCCCCC,-3.5399998494142166
C1CCCCN1CCN(C(=O)CCCCCCCCCCCCCCCCC)C(C(CC)CCCC)C(=O)NCCCCCCCCCCCCCCCCCC,-3.209999929565746
C1CCCCN1CCN(C(=O)CCCCCCCCCCCCCCCCC)C(C2CCCCC2)C(=O)NCCCCCCCCCCCCCCCCCC,-3.4999998626641
C1CCCCN1CCN(CCC(=O)OCCSSCCOC(=O)C(C)CSCCCCCCCCCC)(CCC(=O)OCCSSCCOC(=O)C(C)CSCCCCCCCCCC),-4.999995657076895
C1CCCN1CCN(C(=O)CCCCCCC/C=C\C/C=C\CCCCC)C(C(CC)CCCC)C(=O)NCCCCCCCCCCCCCCCCCC,-0.7599999997500905
C1CN(C)CCN1CCCN(C(=O)CCCCCCC/C=C\C/C=C\CCCCC)C(C(CC)CCCC)C(=O)NCCCCCCCCCCCCCCCCCC,-1.6999999978233735
C1CN(C)CCN1CCCN(CCC(=O)OCCSSCCOC(=O)C(C)CSCCCCCCCCCC)(CCC(=O)OCCSSCCOC(=O)C(C)CSCCCCCCCCCC),-0.8239087407104708
C1CN(CCC(=O)OCCSSCCOC(=O)C(C)CSCCCCCCCCCC)CCN1CCCN(CCC(=O)OCCSSCCOC(=O)C(C)CSCCCCCCCCCC)(CCC(=O)OCCSSCCOC(=O)C(C)CSCCCCCCCCCC),1.000000000004343
C1CN(CCCN(CCC(=O)OCCSSCCOC(=O)C(C)CSCC(CC)CCCC)(CCC(=O)OCCSSCCOC(=O)C(C)CSCC(CC)CCCC))CCN1CCCN(CCC(=O)OCCSSCCOC(=O)C(C)CSCC(CC)CCCC)(CCC(=O)OCCSSCCOC(=O)C(C)CSCC(CC)CCCC),0.9030899870054292
C1CN(CCCN(CCC(=O)OCCSSCCOC(=O)C(C)CSCC(CCC)CCCCC)(CCC(=O)OCCSSCCOC(=O)C(C)CSCC(CCC)CCCCC))CCN1CCCN(CCC(=O)OCCSSCCOC(=O)C(C)CSCC(CCC)CCCCC)(CCC(=O)OCCSSCCOC(=O)C(C)CSCC(CCC)CCCCC),0.4771212550144766
C1CN(CCCN(CCC(=O)OCCSSCCOC(=O)C(C)CSCC(CCCC)CCCCCC)(CCC(=O)OCCSSCCOC(=O)C(C)CSCC(CCCC)CCCCCC))CCN1CCCN(CCC(=O)OCCSSCCOC(=O)C(C)CSCC(CCCC)CCCCCC)(CCC(=O)OCCSSCCOC(=O)C(C)CSCC(CCCC)CCCCCC),4.342945178152237e-11
C1CN(CCCN(CCC(=O)OCCSSCCOC(=O)C(C)CSCCCC)(CCC(=O)OCCSSCCOC(=O)C(C)CSCCCC))CCN1CCCN(CCC(=O)OCCSSCCOC(=O)C(C)CSCCCC)(CCC(=O)OCCSSCCOC(=O)C(C)CSCCCC),-4.999995657076895
C1CN(CCCN(CCC(=O)OCCSSCCOC(=O)C(C)CSCCCCCCCC)(CCC(=O)OCCSSCCOC(=O)C(C)CSCCCCCCCC))CCN1CCCN(CCC(=O)OCCSSCCOC(=O)C(C)CSCCCCCCCC)(CCC(=O)OCCSSCCOC(=O)C(C)CSCCCCCCCC),0.6989700040086864
C1CN(CCCN(CCC(=O)OCCSSCCOC(=O)C(C)CSCCCCCCCCCC)(CCC(=O)OCCSSCCOC(=O)C(C)CSCCCCCCCCCC))CCN1CCCN(CCC(=O)OCCSSCCOC(=O)C(C)CSCCCCCCCCCC)(CCC(=O)OCCSSCCOC(=O)C(C)CSCCCCCCCCCC),1.544068044001241
C1CN(CCCN(CCC(=O)OCCSSCCOC(=O)C(C)CSCCCCCCCCCCCC)(CCC(=O)OCCSSCCOC(=O)C(C)CSCCCCCCCCCCCC))CCN1CCCN(CCC(=O)OCCSSCCOC(=O)C(C)CSCCCCCCCCCCCC)(CCC(=O)OCCSSCCOC(=O)C(C)CSCCCCCCCCCCCC),1.397940009001737
C1CN(CCCN(CCC(=O)OCCSSCCOC(=O)C(C)CSCCCCCCCCCCCCCC)(CCC(=O)OCCSSCCOC(=O)C(C)CSCCCCCCCCCCCCCC))CCN1CCCN(CCC(=O)OCCSSCCOC(=O)C(C)CSCCCCCCCCCCCCCC)(CCC(=O)OCCSSCCOC(=O)C(C)CSCCCCCCCCCCCCCC),0.6989700040086864
C1COCCN1CCN(C(=O)CCCCCCC/C=C\C/C=C\CCCCC)C(C(CC)CCCC)C(=O)NCCCCCCCCCCCCCCCCCC,-2.559999984231731
CCCCCCCC/C=C\CCCCCCCCN(C(=O)CCCCCCCC/C=C\CCCCCCC)C(C(CC)CCCC)C(=O)NCCCN(C)C,-1.2899999991531947
CCCCCCCC/C=C\CCCCCCCCN(C(=O)CCN(C)C)C(C(CC)CCCC)C(=O)NCCCCCCCC/C=C\CCCCCCCC,-0.0799999999477864
CCCCCCCCCCCCCCCCCCN(C(=O)CCCCCCC/C=C\C/C=C\CCCCC)C(C(CC)CCCC)C(=O)NCCCN(C)C,-1.2899999991531947
CCCCC\C=C/C\C=C/CCCCCCCCC(CCCCCCCC\C=C/C\C=C/CCCCC)OC(=O)CCCN(C)C,4.342945178152237e-11
CCN(CC)CCCN(C(=O)CCCCCCC/C=C\C/C=C\C/C=C\CC)C(C(C)C)C(=O)NCCCCCCCCCCCCCCCCCC,-2.389999989339337
CCN(CC)CCCN(C(=O)CCCCCCC/C=C\C/C=C\C/C=C\CC)C(C(CC)CCCC)C(=O)NCCCCCCCCCCCCCCCCCC,0.3600000000189571
CCN(CC)CCCN(C(=O)CCCCCCC/C=C\C/C=C\C/C=C\CC)C(C1CCCCC1)C(=O)NCCCCCCCCCCCCCCCCCC,-0.6499999998060083
CCN(CC)CCCN(C(=O)CCCCCCC/C=C\C/C=C\CCCCC)C(C(C)C)C(=O)NCCCCCCCCCCCCCCCCCC,-1.6099999982307718
CCN(CC)CCCN(C(=O)CCCCCCC/C=C\C/C=C\CCCCC)C(C(CC)CCCC)C(=O)NCCCCCCCCCCCCCCCCCC,0.6100000000106601
CCN(CC)CCCN(C(=O)CCCCCCC/C=C\C/C=C\CCCCC)C(C1CCCCC1)C(=O)NCCCCCCCCCCCCCCCCCC,-0.1099999999440532
CCN(CC)CCCN(C(=O)CCCCCCCC#CC#CCCCCCCCCCCC)C(C(C)C)C(=O)NCCCCCCCCCCCCCCCCCC,-2.029999995346456
CCN(CC)CCCN(C(=O)CCCCCCCC#CC#CCCCCCCCCCCC)C(C(CC)CCCC)C(=O)NCCCCCCCCCCCCCCCCCC,-0.0299999999534656
CCN(CC)CCCN(C(=O)CCCCCCCC#CC#CCCCCCCCCCCC)C(C1CCCCC1)C(=O)NCCCCCCCCCCCCCCCCCC,-0.9899999995755926
CCN(CC)CCCN(C(=O)CCCCCCCC/C=C\CCCCCCC)C(C(C)C)C(=O)NCCCCCCCCCCCCCCCCCC,-2.679999979213368
CCN(CC)CCCN(C(=O)CCCCCCCC/C=C\CCCCCCC)C(C(CC)CCCC)C(=O)NCCCCCCCCCCCCCCCCCC,0.340000000019851
CCN(CC)CCCN(C(=O)CCCCCCCC/C=C\CCCCCCC)C(C1CCCCC1)C(=O)NCCCCCCCCCCCCCCCCCC,-0.6599999998014902
CCN(CC)CCCN(C(=O)CCCCCCCCCCCCCCCCC)C(C(C)C)C(=O)NCCCCCCCCCCCCCCCCCC,-3.0299999534645528
CCN(CC)CCCN(C(=O)CCCCCCCCCCCCCCCCC)C(C(CC)CCCC)C(=O)NCCCCCCCCCCCCCCCCCC,-0.5799999998348868
CCN(CC)CCCN(C(=O)CCCCCCCCCCCCCCCCC)C(C1CCCCC1)C(=O)NCCCCCCCCCCCCCCCCCC,-3.2599999209714223
CN(C)CCCN(C(=O)C(CCCCCC)CCCCCCCC)C(C(CC)CCCC)C(=O)NCCCCCCCCCCCCCCCCCC,-0.6499999998060083
CN(C)CCCN(C(=O)CCC(=O)OC1CC2=CCC3C4CCC(C(C)CCCC(C)C)C4(C)CCC3C2CC1)C(C(CC)CCCC)C(=O)NCCCCCCCC/C=C\CCCCCCCC,-3.039999952380564
CN(C)CCCN(C(=O)CCCCCCC/C=C\C/C=C\C/C=C\CC)C(C(C)C)C(=O)NCCCCCCCCCCCCCCCCCC,-1.9599999960391887
CN(C)CCCN(C(=O)CCCCCCC/C=C\C/C=C\C/C=C\CC)C(C(CC)CCCC)C(=O)NCCCCCCCCCCCCCCCCCC,0.3300000000203136
CN(C)CCCN(C(=O)CCCCCCC/C=C\C/C=C\C/C=C\CC)C(C1CCCCC1)C(=O)NCCCCCCCCCCCCCCCCCC,-0.7799999997383129
CN(C)CCCN(C(=O)CCCCCCC/C=C\C/C=C\CCCCC)C(C(C)C)C(=O)NCCCCCCCCCCCCCCCCCC,-1.9599999960391887
CN(C)CCCN(C(=O)CCCCCCC/C=C\C/C=C\CCCCC)C(C(C)CC)C(=O)NCCCCCCCCCCCCCCCCCC,-0.709999999777268
CN(C)CCCN(C(=O)CCCCCCC/C=C\C/C=C\CCCCC)C(C(C)CCC=C(C)C)C(=O)NCCCCCCCCCCCCCCCCCC,-0.529999999852843
CN(C)CCCN(C(=O)CCCCCCC/C=C\C/C=C\CCCCC)C(C(CC)CCCC)C(=O)NCCCCCCCCCC,-0.5099999998594659
CN(C)CCCN(C(=O)CCCCCCC/C=C\C/C=C\CCCCC)C(C(CC)CCCC)C(=O)NCCCCCCCCCCCCCC,-0.6799999997921343
CN(C)CCCN(C(=O)CCCCCCC/C=C\C/C=C\CCCCC)C(C(CC)CCCC)C(=O)NCCCCCCCCCCCCCCCCCC,0.4021850124752422
CN(C)CCCN(C(=O)CCCCCCC/C=C\C/C=C\CCCCC)C(C1CCCCC1)C(=O)NCCCCCCCCCCCCCCCCCC,-0.5999999998271048
CN(C)CCCN(C(=O)CCCCCCC/C=C\C/C=C\CCCCC)C([H])C(=O)NCCCCCCCCCCCCCCCCCC,-3.179999934266938
CN(C)CCCN(C(=O)CCCCCCC/C=C\C/C=C\CCCCC)C(c1ccccc1)C(=O)NCCCCCCCCCCCCCCCCCC,-2.659999980148923
CN(C)CCCN(C(=O)CCCCCCCC#CC#CCCCCCCCCCCC)C(C(C)C)C(=O)NCCCCCCCCCCCCCCCCCC,-1.2999999991334696
CN(C)CCCN(C(=O)CCCCCCCC#CC#CCCCCCCCCCCC)C(C(CC)CCCC)C(=O)NCCCCCCCCCCCCCCCCCC,0.1500000000307442
CN(C)CCCN(C(=O)CCCCCCCC#CC#CCCCCCCCCCCC)C(C1CCCCC1)C(=O)NCCCCCCCCCCCCCCCCCC,-0.4299999998831087
CN(C)CCCN(C(=O)CCCCCCCC/C=C\CCCCCCC)C(C(C)C)C(=O)NCCCCCCCCCCCCCCCCCC,-2.3099999911328504
CN(C)CCCN(C(=O)CCCCCCCC/C=C\CCCCCCC)C(C(CC)CCCC)C(=O)NCCCCCCCC/C=C\CCCCCCCC,0.4000000000172882
CN(C)CCCN(C(=O)CCCCCCCC/C=C\CCCCCCC)C(C(CC)CCCC)C(=O)NCCCCCCCCCCCCCCCCCC,0.3100000000212695
CN(C)CCCN(C(=O)CCCCCCCC/C=C\CCCCCCC)C(C1CCCCC1)C(=O)NCCCCCCCCCCCCCCCCCC,-0.8499999996925437
CN(C)CCCN(C(=O)CCCCCCCCCCCCCCCCC)C(C(C)C)C(=O)NCCCCCCCCCCCCCCCCCC,-2.3799999895820068
CN(C)CCCN(C(=O)CCCCCCCCCCCCCCCCC)C(C(CC)CCCC)C(=O)NCCCCCCCCCCCCCCCCCC,-0.9899999995755926
CN(C)CCCN(C(=O)CCCCCCCCCCCCCCCCC)C(C1CCCCC1)C(=O)NCCCCCCCCCCCCCCCCCC,-1.239999999245284
CN(C)CCCN(C(=O)CCSSCCCCCCCCCCCC)C(C(CC)CCCC)C(=O)NCCCCCCCC/C=C\CCCCCCCC,0.0800000000361231
CN(C)CCCN(CCC(=O)OCCSSCCOC(=O)C(C)CSCCCCCCCCCC)CCCN(CCC(=O)OCCSSCCOC(=O)C(C)CSCCCCCCCCCC)(CCC(=O)OCCSSCCOC(=O)C(C)CSCCCCCCCCCC),-0.3979400088914264
CN(C)CCN(C(=O)CCCCCCC/C=C\C/C=C\C/C=C\CC)C(C(C)C)C(=O)NCCCCCCCCCCCCCCCCCC,-0.4399999998803857
CN(C)CCN(C(=O)CCCCCCC/C=C\C/C=C\C/C=C\CC)C(C(CC)CCCC)C(=O)NCCCCCCCCCCCCCCCCCC,-0.19999999993117
CN(C)CCN(C(=O)CCCCCCC/C=C\C/C=C\C/C=C\CC)C(C1CCCCC1)C(=O)NCCCCCCCCCCCCCCCCCC,-0.1399999999400512
CN(C)CCN(C(=O)CCCCCCC/C=C\C/C=C\CCCCC)C(C(C)C)C(=O)NCCCCCCCCCCCCCCCCCC,-1.3799999989582017
CN(C)CCN(C(=O)CCCCCCC/C=C\C/C=C\CCCCC)C(C(CC)CCCC)C(=O)NCCCCCCCCCCCCCCCCCC,0.2100000000267774
CN(C)CCN(C(=O)CCCCCCC/C=C\C/C=C\CCCCC)C(C1CCCCC1)C(=O)NCCCCCCCCCCCCCCCCCC,0.1100000000337114
CN(C)CCN(C(=O)CCCCCCCC#CC#CCCCCCCCCCCC)C(C(C)C)C(=O)NCCCCCCCCCCCCCCCCCC,-0.8399999996995424
CN(C)CCN(C(=O)CCCCCCCC#CC#CCCCCCCCCCCC)C(C(CC)CCCC)C(=O)NCCCCCCCCCCCCCCCCCC,-0.5099999998594659
CN(C)CCN(C(=O)CCCCCCCC#CC#CCCCCCCCCCCC)C(C1CCCCC1)C(=O)NCCCCCCCCCCCCCCCCCC,-0.0399999999523814
CN(C)CCN(C(=O)CCCCCCCC/C=C\CCCCCCC)C(C(C)C)C(=O)NCCCCCCCCCCCCCCCCCC,-1.0899999994657017
CN(C)CCN(C(=O)CCCCCCCC/C=C\CCCCCCC)C(C(CC)CCCC)C(=O)NCCCCCCCCCCCCCCCCCC,0.3500000000193988
CN(C)CCN(C(=O)CCCCCCCC/C=C\CCCCCCC)C(C1CCCCC1)C(=O)NCCCCCCCCCCCCCCCCCC,4.342945178152237e-11
CN(C)CCN(C(=O)CCCCCCCCCCCCCCCCC)C(C(C)C)C(=O)NCCCCCCCCCCCCCCCCCC,-2.849999969254323
CN(C)CCN(C(=O)CCCCCCCCCCCCCCCCC)C(C(CC)CCCC)C(=O)NCCCCCCCCCCCCCCCCCC,-1.2199999992792518
CN(C)CCN(C(=O)CCCCCCCCCCCCCCCCC)C(C1CCCCC1)C(=O)NCCCCCCCCCCCCCCCCCC,-1.7599999975008975
CN(C)CCN(CCC(=O)OCCSSCCOC(=O)C(C)CSCCCCCCCCCC)(CCC(=O)OCCSSCCOC(=O)C(C)CSCCCCCCCCCC),-0.6989700037828531
CN(CCCN(CCC(=O)OCCOC(=O)C(C)CSCC(CCC)CCCCC)(CCC(=O)OCCOC(=O)C(C)CSCC(CCC)CCCCC))CCCN(CCC(=O)OCCOC(=O)C(C)CSCC(CCC)CCCCC)(CCC(=O)OCCOC(=O)C(C)CSCC(CCC)CCCCC),0.6020599910108573
CN(CCCN(CCC(=O)OCCOC(=O)C(C)CSCCCCCCCCCC)(CCC(=O)OCCOC(=O)C(C)CSCCCCCCCCCC))CCCN(CCC(=O)OCCOC(=O)C(C)CSCCCCCCCCCC)(CCC(=O)OCCOC(=O)C(C)CSCCCCCCCCCC),0.3979400090173719
CN(CCCN(CCC(=O)OCCSSCC(CCC)CCCCC)(CCC(=O)OCCSSCC(CCC)CCCCC))CCCN(CCC(=O)OCCSSCC(CCC)CCCCC)(CCC(=O)OCCSSCC(CCC)CCCCC),1.1139433520033404
CN(CCCN(CCC(=O)OCCSSCCCCCCCCCC)(CCC(=O)OCCSSCCCCCCCCCC))CCCN(CCC(=O)OCCSSCCCCCCCCCC)(CCC(=O)OCCSSCCCCCCCCCC),4.342945178152237e-11
CN(CCCN(CCC(=O)OCCSSCCOC(=O)C(C)CSCC(CC)CCCC)(CCC(=O)OCCSSCCOC(=O)C(C)CSCC(CC)CCCC))CCCN(CCC(=O)OCCSSCCOC(=O)C(C)CSCC(CC)CCCC)(CCC(=O)OCCSSCCOC(=O)C(C)CSCC(CC)CCCC),1.954242509000483
CN(CCCN(CCC(=O)OCCSSCCOC(=O)C(C)CSCC(CCC)CCCCC)(CCC(=O)OCCSSCCOC(=O)C(C)CSCC(CCC)CCCCC))CCCN(CCC(=O)OCCSSCCOC(=O)C(C)CSCC(CCC)CCCCC)(CCC(=O)OCCSSCCOC(=O)C(C)CSCC(CCC)CCCCC),2.2200000000002613
CN(CCCN(CCC(=O)OCCSSCCOC(=O)C(C)CSCC(CCCC)CCCCCC)(CCC(=O)OCCSSCCOC(=O)C(C)CSCC(CCCC)CCCCCC))CCCN(CCC(=O)OCCSSCCOC(=O)C(C)CSCC(CCCC)CCCCCC)(CCC(=O)OCCSSCCOC(=O)C(C)CSCC(CCCC)CCCCCC),1.954242509000483
CN(CCCN(CCC(=O)OCCSSCCOC(=O)C(C)CSCCCC)(CCC(=O)OCCSSCCOC(=O)C(C)CSCCCC))CCCN(CCC(=O)OCCSSCCOC(=O)C(C)CSCCCC)(CCC(=O)OCCSSCCOC(=O)C(C)CSCCCC),0.3979400090173719
CN(CCCN(CCC(=O)OCCSSCCOC(=O)C(C)CSCCCCCCCC)(CCC(=O)OCCSSCCOC(=O)C(C)CSCCCCCCCC))CCCN(CCC(=O)OCCSSCCOC(=O)C(C)CSCCCCCCCC)(CCC(=O)OCCSSCCOC(=O)C(C)CSCCCCCCCC),1.544068044001241
CN(CCCN(CCC(=O)OCCSSCCOC(=O)C(C)CSCCCCCCCCCC)(CCC(=O)OCCSSCCOC(=O)C(C)CSCCCCCCCCCC))CCCN(CCC(=O)OCCSSCCOC(=O)C(C)CSCCCCCCCCCC)(CCC(=O)OCCSSCCOC(=O)C(C)CSCCCCCCCCCC),1.920645001000521
CN(CCCN(CCC(=O)OCCSSCCOC(=O)C(C)CSCCCCCCCCCCCC)(CCC(=O)OCCSSCCOC(=O)C(C)CSCCCCCCCCCCCC))CCCN(CCC(=O)OCCSSCCOC(=O)C(C)CSCCCCCCCCCCCC)(CCC(=O)OCCSSCCOC(=O)C(C)CSCCCCCCCCCCCC),1.176091259002895
CN(CCCN(CCC(=O)OCCSSCCOC(=O)C(C)CSCCCCCCCCCCCCCC)(CCC(=O)OCCSSCCOC(=O)C(C)CSCCCCCCCCCCCCCC))CCCN(CCC(=O)OCCSSCCOC(=O)C(C)CSCCCCCCCCCCCCCC)(CCC(=O)OCCSSCCOC(=O)C(C)CSCCCCCCCCCCCCCC),0.4771212550144766
CN1CCCC1CCN(C(=O)CCCCCCC/C=C\C/C=C\CCCCC)C(C(CC)CCCC)C(=O)NCCCCCCCCCCCCCCCCCC,-0.5099999998594659
N(CCC(=O)OCCSSCCOC(=O)C(C)CSCCCCCCCCCC)(CCC(=O)OCCSSCCOC(=O)C(C)CSCCCCCCCCCC)CCC1=CNC2=CC=CC=C21,-0.154901959937958
N(CCC(=O)OCCSSCCOC(=O)C(C)CSCCCCCCCCCC)(CCCN(CCC(=O)OCCSSCCOC(=O)C(C)CSCCCCCCCCCC)(CCC(=O)OCCSSCCOC(=O)C(C)CSCCCCCCCCCC))CCCN(CCC(=O)OCCSSCCOC(=O)C(C)CSCCCCCCCCCC)(CCC(=O)OCCSSCCOC(=O)C(C)CSCCCCCCCCCC),1.000000000004343
N(CCN(CCC(=O)OCCSSCCOC(=O)C(C)CSCCCCCCCCCC)(CCC(=O)OCCSSCCOC(=O)C(C)CSCCCCCCCCCC))(CCN(CCC(=O)OCCSSCCOC(=O)C(C)CSCCCCCCCCCC)(CCC(=O)OCCSSCCOC(=O)C(C)CSCCCCCCCCCC))CCN(CCC(=O)OCCSSCCOC(=O)C(C)CSCCCCCCCCCC)(CCC(=O)OCCSSCCOC(=O)C(C)CSCCCCCCCCCC),1.000000000004343
N(CCN(CCC(=O)OCCSSCCOC(=O)C(C)CSCCCCCCCCCC)(CCC(=O)OCCSSCCOC(=O)C(C)CSCCCCCCCCCC))(CCN(CCC(=O)OCCSSCCOC(=O)C(C)CSCCCCCCCCCC)(CCC(=O)OCCSSCCOC(=O)C(C)CSCCCCCCCCCC))CCN(CCC(=O)OCCSSCCOC(=O)C(C)CSCCCCCCCCCC),-4.999995657076895
O=C(OC(CCCCCCCC/C=C\C/C=C\CCCCC)CCCCCCCC/C=C\C/C=C\CCCCC)CCCN(C)C,4.342945178152237e-11
c1ccccc1N(C)CCCN(C(=O)CCCCCCC/C=C\C/C=C\CCCCC)C(C(CC)CCCC)C(=O)NCCCCCCCCCCCCCCCCCC,-3.7799997383119215
